model_name	mode	batch_size	num_rounds	lora_r	lora_alpha	lora_dropout	learning_rate	seed	language_set	sa_samples	sa_interval	sa_epochs	num_clients_per_language	epochs_per_client
multi-distilbert	federated	8	20	10	36	0.07908147675609378	0.00000146143221867002	42	limited	0	0.5	1	2	8
multi-distilbert	federated	8	20	31	64	0.2614498453268542	0.00999033566950498	42	full	0	0.5	1	4	8
multi-distilbert	federated	8	20	10	36	0.07908147675609378	0.00000146143221867002	42	limited	0	0.5	1	4	8
multi-distilbert	federated	8	20	31	64	0.2614498453268542	0.00999033566950498	42	full	0	0.5	1	8	8
multi-distilbert	federated	8	20	10	36	0.07908147675609378	0.00000146143221867002	42	limited	0	0.5	1	8	8